,Source,SourcePOS,SourceDep,Target,TargetPOS,TargetDep
0,Help them to climb a lot .,"['VB', 'PRP', 'TO', 'VB', 'DT', 'NN', '.']","[('root', 0), ('obj', 1), ('mark', 4), ('xcomp', 1), ('det', 6), ('obl:npmod', 4), ('punct', 1)]",Help it to climb a lot .,"['VB', 'PRP', 'TO', 'VB', 'DT', 'NN', '.']","[('root', 0), ('obj', 1), ('mark', 4), ('xcomp', 1), ('det', 6), ('obl:npmod', 4), ('punct', 1)]"
1,Learn from other people 's mistakes and yours too .,"['VB', 'IN', 'JJ', 'NNS', 'POS', 'NNS', 'CC', 'PRP', 'RB', '.']","[('root', 0), ('case', 6), ('amod', 4), ('nmod:poss', 6), ('case', 4), ('obl', 1), ('cc', 8), ('conj', 6), ('advmod', 1), ('punct', 1)]",Learn from other people 's mistakes and your own too .,"['VB', 'IN', 'JJ', 'NNS', 'POS', 'NNS', 'CC', 'PRP$', 'JJ', 'RB', '.']","[('root', 0), ('case', 6), ('amod', 4), ('nmod:poss', 6), ('case', 4), ('obl', 1), ('cc', 9), ('nmod:poss', 9), ('conj', 6), ('advmod', 1), ('punct', 1)]"
2,Take 750 grams of dark rye flour and 250 grams white flour and put it in a bowl .,"['VB', 'CD', 'NNS', 'IN', 'JJ', 'NN', 'NN', 'CC', 'CD', 'NNS', 'JJ', 'NN', 'CC', 'VB', 'PRP', 'IN', 'DT', 'NN', '.']","[('root', 0), ('nummod', 3), ('obj', 1), ('case', 7), ('amod', 7), ('compound', 7), ('nmod', 3), ('cc', 12), ('nummod', 10), ('compound', 12), ('amod', 12), ('conj', 7), ('cc', 14), ('conj', 1), ('obj', 14), ('case', 18), ('det', 18), ('obl', 14), ('punct', 1)]",Take 750 grams of dark rye flour and 250 grams white flour then put it in a bowl .,"['VB', 'CD', 'NNS', 'IN', 'JJ', 'NN', 'NN', 'CC', 'CD', 'NNS', 'JJ', 'NN', 'RB', 'VB', 'PRP', 'IN', 'DT', 'NN', '.']","[('root', 0), ('nummod', 3), ('obj', 1), ('case', 7), ('amod', 7), ('compound', 7), ('nmod', 3), ('cc', 12), ('nummod', 10), ('compound', 12), ('amod', 12), ('conj', 7), ('advmod', 14), ('conj', 1), ('obj', 14), ('case', 18), ('det', 18), ('obl', 14), ('punct', 1)]"
3,Preheat the oven to 225 degrees Celsius ... and put the dow in for ten minutes ... after that you adjust the Oven heat to 400 degrees and let him be in there for another 40 minutes ...,"['VB', 'DT', 'NN', 'IN', 'CD', 'NNS', 'NNP', ',', 'CC', 'VB', 'DT', 'NNP', 'RB', 'IN', 'CD', 'NNS', ',', 'IN', 'IN', 'PRP', 'VBP', 'DT', 'NN', 'NN', 'IN', 'CD', 'NNS', 'CC', 'VB', 'PRP', 'VB', 'IN', 'RB', 'IN', 'DT', 'CD', 'NNS', '.']","[('root', 0), ('det', 3), ('obj', 1), ('case', 6), ('nummod', 6), ('obl', 1), ('nmod:npmod', 6), ('punct', 1), ('cc', 10), ('conj', 1), ('det', 12), ('obj', 10), ('advmod', 10), ('case', 16), ('nummod', 16), ('obl', 10), ('punct', 1), ('mark', 21), ('mark', 21), ('nsubj', 21), ('advcl', 10), ('det', 24), ('compound', 24), ('obj', 21), ('case', 27), ('nummod', 27), ('obl', 21), ('cc', 29), ('conj', 21), ('obj', 29), ('cop', 33), ('case', 33), ('xcomp', 29), ('case', 37), ('det', 37), ('nummod', 37), ('obl', 33), ('punct', 1)]","Preheat the oven to 225 degrees Celsius , and put the dow in for ten minutes ... after that you adjust the Oven heat to 400 degrees and let him be in there for another 40 minutes ...","['VB', 'DT', 'NN', 'IN', 'CD', 'NNS', 'NNP', ',', 'CC', 'VB', 'DT', 'NNP', 'RB', 'IN', 'CD', 'NNS', ',', 'IN', 'IN', 'PRP', 'VBP', 'DT', 'NN', 'NN', 'IN', 'CD', 'NNS', 'CC', 'VB', 'PRP', 'VB', 'IN', 'RB', 'IN', 'DT', 'CD', 'NNS', '.']","[('root', 0), ('det', 3), ('obj', 1), ('case', 6), ('nummod', 6), ('obl', 1), ('nmod:npmod', 6), ('punct', 10), ('cc', 10), ('conj', 1), ('det', 12), ('obj', 10), ('advmod', 10), ('case', 16), ('nummod', 16), ('obl', 10), ('punct', 1), ('mark', 21), ('mark', 21), ('nsubj', 21), ('advcl', 10), ('det', 24), ('compound', 24), ('obj', 21), ('case', 27), ('nummod', 27), ('obl', 21), ('cc', 29), ('conj', 21), ('obj', 29), ('cop', 33), ('case', 33), ('xcomp', 29), ('case', 37), ('det', 37), ('nummod', 37), ('obl', 33), ('punct', 1)]"
4,Sit near them at lunch and have a small conversation .,"['VB', 'IN', 'PRP', 'IN', 'NN', 'CC', 'VB', 'DT', 'JJ', 'NN', '.']","[('root', 0), ('case', 3), ('obl', 1), ('case', 5), ('obl', 1), ('cc', 7), ('conj', 1), ('det', 10), ('amod', 10), ('obj', 7), ('punct', 1)]",Sit near them at lunch and have a short conversation .,"['VB', 'IN', 'PRP', 'IN', 'NN', 'CC', 'VB', 'DT', 'JJ', 'NN', '.']","[('root', 0), ('case', 3), ('obl', 1), ('case', 5), ('obl', 1), ('cc', 7), ('conj', 1), ('det', 10), ('amod', 10), ('obj', 7), ('punct', 1)]"
5,Make as many rooms as you want .,"['VB', 'RB', 'JJ', 'NNS', 'IN', 'PRP', 'VBP', '.']","[('root', 0), ('advmod', 3), ('amod', 4), ('obj', 1), ('mark', 7), ('nsubj', 7), ('advcl', 2), ('punct', 1)]",Add as many rooms as you want .,"['VB', 'RB', 'JJ', 'NNS', 'IN', 'PRP', 'VBP', '.']","[('root', 0), ('advmod', 3), ('amod', 4), ('obj', 1), ('mark', 7), ('nsubj', 7), ('advcl', 2), ('punct', 1)]"
6,"Wear always protective equippment including helmets , kneepads and others","['VB', 'RB', 'JJ', 'NN', 'VBG', 'NNS', ',', 'NNS', 'CC', 'NNS']","[('root', 0), ('advmod', 3), ('amod', 4), ('obj', 1), ('case', 6), ('nmod', 4), ('punct', 8), ('conj', 6), ('cc', 10), ('conj', 6)]","Wear always protective equipment including helmets , kneepads and others .","['VB', 'RB', 'JJ', 'NN', 'VBG', 'NNS', ',', 'NNS', 'CC', 'NNS', '.']","[('root', 0), ('advmod', 3), ('amod', 4), ('obj', 1), ('case', 6), ('nmod', 4), ('punct', 8), ('conj', 6), ('cc', 10), ('conj', 6), ('punct', 1)]"
7,Do you wanna save some money building your own skateboard instead of taking it to a skate shop ?,"['VBP', 'PRP', 'VB', 'TO', 'VB', 'DT', 'NN', 'VBG', 'PRP$', 'JJ', 'NN', 'RB', 'IN', 'VBG', 'PRP', 'IN', 'DT', 'NN', 'NN', '.']","[('aux', 3), ('nsubj', 3), ('root', 0), ('mark', 5), ('xcomp', 3), ('det', 7), ('obj', 5), ('acl', 7), ('nmod:poss', 11), ('amod', 11), ('obj', 8), ('mark', 14), ('fixed', 12), ('advcl', 5), ('obj', 14), ('case', 19), ('det', 19), ('compound', 19), ('obl', 14), ('punct', 3)]",Do you want to save some money building your own skateboard instead of taking it to a skate shop ?,"['VBP', 'PRP', 'VB', 'TO', 'VB', 'DT', 'NN', 'VBG', 'PRP$', 'JJ', 'NN', 'RB', 'IN', 'VBG', 'PRP', 'IN', 'DT', 'NN', 'NN', '.']","[('aux', 3), ('nsubj', 3), ('root', 0), ('mark', 5), ('xcomp', 3), ('det', 7), ('obj', 5), ('acl', 7), ('nmod:poss', 11), ('amod', 11), ('obj', 8), ('mark', 14), ('fixed', 12), ('advcl', 5), ('obj', 14), ('case', 19), ('det', 19), ('compound', 19), ('obl', 14), ('punct', 3)]"
8,Do you want to save some money building your own skateboard instead of taking it to a skate shop ?,"['VBP', 'PRP', 'VB', 'TO', 'VB', 'DT', 'NN', 'VBG', 'PRP$', 'JJ', 'NN', 'RB', 'IN', 'VBG', 'PRP', 'IN', 'DT', 'NN', 'NN', '.']","[('aux', 3), ('nsubj', 3), ('root', 0), ('mark', 5), ('xcomp', 3), ('det', 7), ('obj', 5), ('acl', 7), ('nmod:poss', 11), ('amod', 11), ('obj', 8), ('mark', 14), ('fixed', 12), ('advcl', 5), ('obj', 14), ('case', 19), ('det', 19), ('compound', 19), ('obl', 14), ('punct', 3)]",Do you want to save some money by building your own skateboard instead of taking it to a skate shop ?,"['VBP', 'PRP', 'VB', 'TO', 'VB', 'DT', 'NN', 'IN', 'VBG', 'PRP$', 'JJ', 'NN', 'RB', 'IN', 'VBG', 'PRP', 'IN', 'DT', 'NN', 'NN', '.']","[('aux', 3), ('nsubj', 3), ('root', 0), ('mark', 5), ('xcomp', 3), ('det', 7), ('obj', 5), ('mark', 9), ('advcl', 5), ('nmod:poss', 12), ('amod', 12), ('obj', 9), ('mark', 15), ('fixed', 13), ('advcl', 9), ('obj', 15), ('case', 20), ('det', 20), ('compound', 20), ('obl', 15), ('punct', 3)]"
9,"Make sure to list this number on the California marriage license when the time comes , otherwise the marriage may be considered invalid .","['VB', 'JJ', 'TO', 'VB', 'DT', 'NN', 'IN', 'DT', 'NNP', 'NN', 'NN', 'WRB', 'DT', 'NN', 'VBZ', ',', 'RB', 'DT', 'NN', 'MD', 'VB', 'VBN', 'JJ', '.']","[('root', 0), ('xcomp', 1), ('mark', 4), ('xcomp', 2), ('det', 6), ('obj', 4), ('case', 11), ('det', 11), ('compound', 10), ('compound', 11), ('obl', 4), ('mark', 15), ('det', 14), ('nsubj', 15), ('advcl', 4), ('punct', 22), ('advmod', 22), ('det', 19), ('nsubj:pass', 22), ('aux', 22), ('aux:pass', 22), ('parataxis', 1), ('xcomp', 22), ('punct', 1)]","Make sure to list this number on the California marriage license when the time comes ; otherwise , the marriage may be considered invalid .","['VB', 'JJ', 'TO', 'VB', 'DT', 'NN', 'IN', 'DT', 'NNP', 'NN', 'NN', 'WRB', 'DT', 'NN', 'VBZ', ',', 'RB', ',', 'DT', 'NN', 'MD', 'VB', 'VBN', 'JJ', '.']","[('root', 0), ('xcomp', 1), ('mark', 4), ('xcomp', 2), ('det', 6), ('obj', 4), ('case', 11), ('det', 11), ('compound', 10), ('compound', 11), ('obl', 4), ('mark', 15), ('det', 14), ('nsubj', 15), ('advcl', 4), ('punct', 1), ('advmod', 23), ('punct', 23), ('det', 20), ('nsubj:pass', 23), ('aux', 23), ('aux:pass', 23), ('parataxis', 1), ('xcomp', 23), ('punct', 1)]"
10,Try and make your designs wearable .,"['VB', 'CC', 'VB', 'PRP$', 'NNS', 'JJ', '.']","[('root', 0), ('cc', 3), ('conj', 1), ('nmod:poss', 5), ('obj', 3), ('xcomp', 3), ('punct', 1)]",Try to make your designs wearable .,"['VB', 'TO', 'VB', 'PRP$', 'NNS', 'JJ', '.']","[('root', 0), ('mark', 3), ('xcomp', 1), ('nmod:poss', 5), ('obj', 3), ('xcomp', 3), ('punct', 1)]"
11,"Do you want strangers , cashiers , waitors , and boys to think your mature and stable ?","['VBP', 'PRP', 'VB', 'NNS', ',', 'NNS', ',', 'NNS', ',', 'CC', 'NNS', 'TO', 'VB', 'PRP$', 'JJ', 'CC', 'JJ', '.']","[('aux', 3), ('nsubj', 3), ('root', 0), ('obj', 3), ('punct', 6), ('conj', 4), ('punct', 8), ('conj', 4), ('punct', 11), ('cc', 11), ('conj', 4), ('mark', 13), ('advcl', 3), ('nmod:poss', 15), ('obj', 13), ('cc', 17), ('conj', 15), ('punct', 3)]","Do you want strangers , cashiers , waiters , and boys to think you 're mature and stable ?","['VBP', 'PRP', 'VB', 'NNS', ',', 'NNS', ',', 'NNS', ',', 'CC', 'NNS', 'TO', 'VB', 'PRP', 'VBP', 'JJ', 'CC', 'JJ', '.']","[('aux', 3), ('nsubj', 3), ('root', 0), ('obj', 3), ('punct', 6), ('conj', 4), ('punct', 8), ('conj', 4), ('punct', 11), ('cc', 11), ('conj', 4), ('mark', 13), ('advcl', 3), ('nsubj', 16), ('cop', 16), ('ccomp', 13), ('cc', 18), ('conj', 16), ('punct', 3)]"
12,"Make sure that when you eat at the food court , ( All malls have them ! ) that you keep your face clean .","['VB', 'JJ', 'IN', 'WRB', 'PRP', 'VBP', 'IN', 'DT', 'NN', 'NN', ',', '-LRB-', 'DT', 'NNS', 'VBP', 'PRP', '.', '-RRB-']","[('root', 0), ('xcomp', 1), ('mark', 15), ('mark', 6), ('nsubj', 6), ('advcl', 15), ('case', 10), ('det', 10), ('compound', 10), ('obl', 6), ('punct', 15), ('punct', 15), ('det', 14), ('nsubj', 15), ('parataxis', 1), ('obj', 15), ('punct', 1), ('punct', 1)]",Make sure that when you eat at the food court ( all malls have them ! ) that you keep your face clean .,"['VB', 'JJ', 'IN', 'WRB', 'PRP', 'VBP', 'IN', 'DT', 'NN', 'NN', '-LRB-', 'DT', 'NNS', 'VBP', 'PRP', '.', '-RRB-']","[('root', 0), ('xcomp', 1), ('mark', 14), ('mark', 6), ('nsubj', 6), ('advcl', 14), ('case', 10), ('det', 10), ('compound', 10), ('obl', 6), ('punct', 14), ('det', 13), ('nsubj', 14), ('parataxis', 1), ('obj', 14), ('punct', 1), ('punct', 1)]"
13,"Booking a flight easily , can become a hard task , if you can not find what you looking for .","['VBG', 'DT', 'NN', 'RB', ',', 'MD', 'VB', 'DT', 'JJ', 'NN', ',', 'IN', 'PRP', 'MD', 'RB', 'VB', 'WP', 'PRP', 'VBG', 'IN', '.']","[('csubj', 7), ('det', 3), ('obj', 1), ('advmod', 1), ('punct', 7), ('aux', 7), ('root', 0), ('det', 10), ('amod', 10), ('xcomp', 7), ('punct', 10), ('mark', 16), ('nsubj', 16), ('aux', 16), ('advmod', 16), ('advcl', 10), ('obj', 16), ('nsubj', 19), ('acl:relcl', 17), ('obl', 19), ('punct', 10)]","Booking a flight easil , can become a hard task if you cannot find what you looking for .","['VBG', 'DT', 'NN', 'NN', ',', 'MD', 'VB', 'DT', 'JJ', 'NN', 'IN', 'PRP', 'MD', 'RB', 'VB', 'WP', 'PRP', 'VBG', 'IN', '.']","[('csubj', 7), ('det', 4), ('compound', 4), ('obj', 1), ('punct', 7), ('aux', 7), ('root', 0), ('det', 10), ('amod', 10), ('xcomp', 7), ('mark', 15), ('nsubj', 15), ('aux', 15), ('advmod', 15), ('advcl', 10), ('obj', 15), ('nsubj', 18), ('acl:relcl', 16), ('obl', 18), ('punct', 10)]"
14,"Make sure you have your Shots , and I.D. up to date also .","['VB', 'JJ', 'PRP', 'VBP', 'PRP$', 'NNS', ',', 'CC', 'NN', 'IN', 'IN', 'NN', 'RB', '.']","[('root', 0), ('xcomp', 1), ('nsubj', 4), ('ccomp', 2), ('nmod:poss', 6), ('obj', 4), ('punct', 9), ('cc', 9), ('nsubj', 12), ('case', 12), ('fixed', 10), ('obl', 4), ('advmod', 12), ('punct', 1)]",Make sure you have your shots and I.D. up to date also .,"['VB', 'JJ', 'PRP', 'VBP', 'PRP$', 'NNS', 'CC', 'NN', 'IN', 'IN', 'NN', 'RB', '.']","[('root', 0), ('xcomp', 1), ('nsubj', 4), ('ccomp', 2), ('nmod:poss', 6), ('obj', 4), ('cc', 8), ('conj', 6), ('case', 11), ('fixed', 9), ('obl', 4), ('advmod', 11), ('punct', 1)]"
15,got to the school in buildabear you could get about max 400 $ a day there,"['VBD', 'IN', 'DT', 'NN', 'IN', 'NN', 'PRP', 'MD', 'VB', 'RB', 'NN', 'CD', '$', 'DT', 'NN', 'RB']","[('root', 0), ('case', 4), ('det', 4), ('obl', 1), ('case', 6), ('obl', 1), ('nsubj', 9), ('aux', 9), ('parataxis', 1), ('advmod', 11), ('obj', 9), ('nummod', 11), ('appos', 11), ('det', 15), ('obl:npmod', 9), ('advmod', 9)]",Go to the school in buildabear you could get about max 400 $ a day there .,"['VB', 'IN', 'DT', 'NN', 'IN', 'NN', 'PRP', 'MD', 'VB', 'RB', 'NN', 'CD', '$', 'DT', 'NN', 'RB', '.']","[('root', 0), ('case', 4), ('det', 4), ('obl', 1), ('case', 6), ('obl', 1), ('nsubj', 9), ('aux', 9), ('parataxis', 1), ('advmod', 11), ('obj', 9), ('nummod', 11), ('obj', 9), ('det', 15), ('obl:npmod', 16), ('advmod', 9), ('punct', 1)]"
16,have a minamum fishing toll mine is 150 $ a day,"['VB', 'DT', 'NN', 'NN', 'NN', 'PRP', 'VBZ', 'CD', '$', 'DT', 'NN']","[('root', 0), ('det', 5), ('compound', 5), ('compound', 5), ('obj', 1), ('nsubj', 9), ('cop', 9), ('nummod', 9), ('parataxis', 1), ('det', 11), ('nmod:npmod', 9)]",Have a minimum fishing toll mine is 150 $ a day .,"['VB', 'DT', 'JJ', 'NN', 'NN', 'PRP', 'VBZ', 'CD', '$', 'DT', 'NN', '.']","[('root', 0), ('det', 5), ('amod', 5), ('compound', 5), ('obj', 1), ('nsubj', 9), ('cop', 9), ('nummod', 9), ('acl:relcl', 5), ('det', 11), ('nmod:npmod', 9), ('punct', 1)]"
17,"Determine in advance what kind of piano sound you like : mellow , brilliant , loud , soft .","['VB', 'IN', 'NN', 'WDT', 'NN', 'IN', 'NN', 'NN', 'PRP', 'VBP', ':', 'JJ', ',', 'JJ', ',', 'JJ', ',', 'JJ', '.']","[('root', 0), ('case', 3), ('obl', 1), ('det', 5), ('obj', 10), ('case', 8), ('compound', 8), ('nmod', 5), ('nsubj', 10), ('ccomp', 1), ('punct', 12), ('parataxis', 1), ('punct', 14), ('conj', 12), ('punct', 16), ('conj', 12), ('punct', 18), ('conj', 12), ('punct', 1)]","Determine in advance what kind of piano sound you like : mellow , brilliant , loud , or soft .","['VB', 'IN', 'NN', 'WDT', 'NN', 'IN', 'NN', 'NN', 'PRP', 'VBP', ':', 'JJ', ',', 'JJ', ',', 'JJ', ',', 'CC', 'JJ', '.']","[('root', 0), ('case', 3), ('obl', 1), ('det', 5), ('obj', 10), ('case', 8), ('compound', 8), ('nmod', 5), ('nsubj', 10), ('ccomp', 1), ('punct', 12), ('parataxis', 1), ('punct', 14), ('conj', 12), ('punct', 16), ('conj', 12), ('punct', 19), ('cc', 19), ('conj', 12), ('punct', 1)]"
18,"Keep in mind that you will be listening to , and looking at , your piano for a long time .","['VB', 'IN', 'NN', 'IN', 'PRP', 'MD', 'VB', 'VBG', 'IN', ',', 'CC', 'VBG', 'IN', ',', 'PRP$', 'NN', 'IN', 'DT', 'JJ', 'NN', '.']","[('root', 0), ('case', 3), ('obl', 1), ('mark', 8), ('nsubj', 8), ('aux', 8), ('aux', 8), ('ccomp', 1), ('obl', 8), ('punct', 12), ('cc', 12), ('conj', 8), ('obl', 12), ('punct', 16), ('nmod:poss', 16), ('obl', 12), ('case', 20), ('det', 20), ('amod', 20), ('obl', 12), ('punct', 1)]",Keep in mind that you will be listening to and looking at your piano for a long time .,"['VB', 'IN', 'NN', 'IN', 'PRP', 'MD', 'VB', 'VBG', 'IN', 'CC', 'VBG', 'IN', 'PRP$', 'NN', 'IN', 'DT', 'JJ', 'NN', '.']","[('root', 0), ('case', 3), ('obl', 1), ('mark', 8), ('nsubj', 8), ('aux', 8), ('aux', 8), ('ccomp', 1), ('obl', 8), ('cc', 11), ('conj', 8), ('case', 14), ('nmod:poss', 14), ('obl', 11), ('case', 18), ('det', 18), ('amod', 18), ('obl', 11), ('punct', 1)]"
19,"Make it a point to visit a few showrooms , and get to know the names and qualities of each make .","['VB', 'PRP', 'DT', 'NN', 'TO', 'VB', 'DT', 'JJ', 'NNS', ',', 'CC', 'VB', 'TO', 'VB', 'DT', 'NNS', 'CC', 'NNS', 'IN', 'DT', 'VBP', '.']","[('root', 0), ('iobj', 1), ('det', 4), ('obj', 1), ('mark', 6), ('acl', 4), ('det', 9), ('amod', 9), ('obj', 6), ('punct', 12), ('cc', 12), ('conj', 1), ('mark', 14), ('xcomp', 12), ('det', 16), ('obj', 14), ('cc', 18), ('conj', 16), ('case', 20), ('nmod', 18), ('acl:relcl', 16), ('punct', 1)]","Make it a point to visit a few showrooms , to get to know the names and qualities of each make .","['VB', 'PRP', 'DT', 'NN', 'TO', 'VB', 'DT', 'JJ', 'NNS', ',', 'TO', 'VB', 'TO', 'VB', 'DT', 'NNS', 'CC', 'NNS', 'IN', 'DT', 'VBP', '.']","[('root', 0), ('iobj', 1), ('det', 4), ('obj', 1), ('mark', 6), ('acl', 4), ('det', 9), ('amod', 9), ('obj', 6), ('punct', 1), ('mark', 12), ('advcl', 6), ('mark', 14), ('xcomp', 12), ('det', 16), ('obj', 14), ('cc', 18), ('conj', 16), ('case', 20), ('nmod', 18), ('acl:relcl', 16), ('punct', 1)]"
20,Place a small amount of serum on the palm of 1 hand .,"['VB', 'DT', 'JJ', 'NN', 'IN', 'NN', 'IN', 'DT', 'NN', 'IN', 'CD', 'NN', '.']","[('root', 0), ('det', 4), ('amod', 4), ('obj', 1), ('case', 6), ('nmod', 4), ('case', 9), ('det', 9), ('obl', 1), ('case', 12), ('nummod', 12), ('nmod', 9), ('punct', 1)]",Place a small amount of serum on the palm of your hand .,"['VB', 'DT', 'JJ', 'NN', 'IN', 'NN', 'IN', 'DT', 'NN', 'IN', 'PRP$', 'NN', '.']","[('root', 0), ('det', 4), ('amod', 4), ('obj', 1), ('case', 6), ('nmod', 4), ('case', 9), ('det', 9), ('obl', 1), ('case', 12), ('nmod:poss', 12), ('nmod', 9), ('punct', 1)]"
21,"Click on the "" Accounts "" from the left panel .","['VB', 'IN', 'DT', '``', 'NNS', ""''"", 'IN', 'DT', 'JJ', 'NN', '.']","[('root', 0), ('case', 5), ('det', 5), ('punct', 5), ('obl', 1), ('punct', 5), ('case', 10), ('det', 10), ('amod', 10), ('obl', 1), ('punct', 1)]",Click on the Accounts from the left panel .,"['VB', 'IN', 'DT', 'NNS', 'IN', 'DT', 'JJ', 'NN', '.']","[('root', 0), ('case', 4), ('det', 4), ('obl', 1), ('case', 8), ('det', 8), ('amod', 8), ('nmod', 4), ('punct', 1)]"
22,"Type your handle or Twitter name on the "" Join another team "" box .","['VB', 'PRP$', 'NN', 'CC', 'NN', 'NN', 'IN', 'DT', '``', 'VB', 'DT', 'NN', ""''"", 'NN', '.']","[('root', 0), ('nmod:poss', 3), ('obj', 1), ('cc', 6), ('compound', 6), ('conj', 3), ('case', 14), ('det', 14), ('punct', 10), ('compound', 14), ('obj', 10), ('obj', 10), ('punct', 10), ('obl', 1), ('punct', 1)]",Type your handle or Twitter name on the Join another team box .,"['VB', 'PRP$', 'NN', 'CC', 'NN', 'NN', 'IN', 'DT', 'NN', 'DT', 'NN', 'NN', '.']","[('root', 0), ('nmod:poss', 3), ('obj', 1), ('cc', 6), ('compound', 6), ('conj', 3), ('case', 9), ('det', 9), ('obl', 1), ('det', 12), ('compound', 12), ('obj', 1), ('punct', 1)]"
23,"Type your new account 's password in the pop-up window and click on the "" Authorize "" button .","['VB', 'PRP$', 'JJ', 'NN', 'POS', 'NN', 'IN', 'DT', 'NN', 'HYPH', 'RP', 'NN', 'CC', 'VB', 'IN', 'DT', '``', 'NN', ""''"", 'NN', '.']","[('root', 0), ('nmod:poss', 4), ('amod', 4), ('nmod:poss', 6), ('case', 4), ('obj', 1), ('case', 12), ('det', 12), ('compound', 12), ('punct', 9), ('compound', 9), ('obl', 1), ('cc', 14), ('conj', 1), ('case', 20), ('det', 20), ('punct', 20), ('compound', 20), ('punct', 20), ('obl', 14), ('punct', 1)]",Type your new account 's password in the pop-up window and click on the Authorize button .,"['VB', 'PRP$', 'JJ', 'NN', 'POS', 'NN', 'IN', 'DT', 'NN', 'HYPH', 'RP', 'NN', 'CC', 'VB', 'IN', 'DT', 'NN', 'NN', '.']","[('root', 0), ('nmod:poss', 4), ('amod', 4), ('nmod:poss', 6), ('case', 4), ('obj', 1), ('case', 12), ('det', 12), ('compound', 12), ('punct', 9), ('compound', 9), ('obl', 1), ('cc', 14), ('conj', 1), ('case', 18), ('det', 18), ('compound', 18), ('obl', 14), ('punct', 1)]"
24,Do n't be a bully .,"['VB', 'RB', 'VB', 'DT', 'NN', '.']","[('aux', 5), ('advmod', 5), ('cop', 5), ('det', 5), ('root', 0), ('punct', 5)]",Do n't be a pussy .,"['VB', 'RB', 'VB', 'DT', 'NN', '.']","[('aux', 5), ('advmod', 5), ('cop', 5), ('det', 5), ('root', 0), ('punct', 5)]"
25,Being smart is a good thing !,"['VBG', 'JJ', 'VBZ', 'DT', 'JJ', 'NN', '.']","[('cop', 2), ('csubj', 6), ('cop', 6), ('det', 6), ('amod', 6), ('root', 0), ('punct', 6)]",Being smart is a great thing !,"['VBG', 'JJ', 'VBZ', 'DT', 'JJ', 'NN', '.']","[('cop', 2), ('csubj', 6), ('cop', 6), ('det', 6), ('amod', 6), ('root', 0), ('punct', 6)]"
26,Check that your baby is latched on correctly to your breast by checking that her mouth is wrapped around your entire areola and her lips are pursed outward around your areola .,"['VB', 'IN', 'PRP$', 'NN', 'VBZ', 'VBN', 'RB', 'RB', 'IN', 'PRP$', 'NN', 'IN', 'VBG', 'IN', 'PRP$', 'NN', 'VBZ', 'VBN', 'IN', 'PRP$', 'JJ', 'NN', 'CC', 'PRP$', 'NNS', 'VBP', 'VBN', 'RB', 'IN', 'PRP$', 'NN', '.']","[('root', 0), ('mark', 6), ('nmod:poss', 4), ('nsubj:pass', 6), ('aux:pass', 6), ('ccomp', 1), ('advmod', 6), ('advmod', 6), ('case', 11), ('nmod:poss', 11), ('obl', 8), ('mark', 13), ('advcl', 6), ('mark', 18), ('nmod:poss', 16), ('nsubj:pass', 18), ('aux:pass', 18), ('ccomp', 13), ('case', 22), ('nmod:poss', 22), ('amod', 22), ('obl', 18), ('cc', 27), ('nmod:poss', 25), ('nsubj:pass', 27), ('aux:pass', 27), ('conj', 18), ('advmod', 27), ('case', 31), ('nmod:poss', 31), ('obl', 27), ('punct', 1)]",Check that your baby is latched on correctly to your breast by checking that their mouth is wrapped around your entire areola and their lips are pursed outward around your areola .,"['VB', 'IN', 'PRP$', 'NN', 'VBZ', 'VBN', 'RB', 'RB', 'IN', 'PRP$', 'NN', 'IN', 'VBG', 'IN', 'PRP$', 'NN', 'VBZ', 'VBN', 'IN', 'PRP$', 'JJ', 'NN', 'CC', 'PRP$', 'NNS', 'VBP', 'VBN', 'RB', 'IN', 'PRP$', 'NN', '.']","[('root', 0), ('mark', 6), ('nmod:poss', 4), ('nsubj:pass', 6), ('aux:pass', 6), ('ccomp', 1), ('advmod', 6), ('advmod', 6), ('case', 11), ('nmod:poss', 11), ('obl', 8), ('mark', 13), ('advcl', 6), ('mark', 18), ('nmod:poss', 16), ('nsubj:pass', 18), ('aux:pass', 18), ('ccomp', 13), ('case', 22), ('nmod:poss', 22), ('amod', 22), ('obl', 18), ('cc', 27), ('nmod:poss', 25), ('nsubj:pass', 27), ('aux:pass', 27), ('conj', 18), ('advmod', 27), ('case', 31), ('nmod:poss', 31), ('obl', 27), ('punct', 1)]"
27,"Log in the the email address and password associated with your Apple ID , if you have not already done so .","['VB', 'RP', 'DT', 'DT', 'NN', 'NN', 'CC', 'NN', 'VBN', 'IN', 'PRP$', 'NNP', 'NN', ',', 'IN', 'PRP', 'VBP', 'RB', 'RB', 'VBN', 'RB', '.']","[('root', 0), ('compound:prt', 1), ('det', 6), ('det', 6), ('compound', 6), ('obj', 1), ('cc', 8), ('conj', 6), ('acl', 6), ('case', 13), ('nmod:poss', 13), ('compound', 13), ('obl', 9), ('punct', 1), ('mark', 20), ('nsubj', 20), ('aux', 20), ('advmod', 20), ('advmod', 20), ('advcl', 1), ('advmod', 20), ('punct', 1)]","Log in with the email address and password associated with your Apple ID , if you have not already done so .","['VB', 'RP', 'IN', 'DT', 'NN', 'NN', 'CC', 'NN', 'VBN', 'IN', 'PRP$', 'NNP', 'NN', ',', 'IN', 'PRP', 'VBP', 'RB', 'RB', 'VBN', 'RB', '.']","[('root', 0), ('compound:prt', 1), ('case', 6), ('det', 6), ('compound', 6), ('obl', 1), ('cc', 8), ('conj', 6), ('acl', 6), ('case', 13), ('nmod:poss', 13), ('compound', 13), ('obl', 9), ('punct', 1), ('mark', 20), ('nsubj', 20), ('aux', 20), ('advmod', 20), ('advmod', 20), ('advcl', 1), ('advmod', 20), ('punct', 1)]"
28,"Take I-95 to the Henry Hudson Parkway to get onto Manhattan Island from the North ( CT , Westchester County , etc ) .","['VB', 'PRP', 'HYPH', 'CD', 'IN', 'DT', 'NNP', 'NNP', 'NNP', 'TO', 'VB', 'IN', 'NNP', 'NNP', 'IN', 'DT', 'NNP', '-LRB-', 'NNP', ',', 'NNP', 'NNP', ',', 'FW', '-RRB-', '.']","[('root', 0), ('obj', 1), ('punct', 4), ('nummod', 2), ('case', 9), ('det', 9), ('compound', 9), ('compound', 9), ('obl', 1), ('mark', 11), ('advcl', 1), ('case', 14), ('compound', 14), ('obl', 11), ('case', 17), ('det', 17), ('obl', 11), ('punct', 19), ('appos', 17), ('punct', 19), ('compound', 22), ('conj', 19), ('punct', 19), ('advmod', 19), ('punct', 19), ('punct', 1)]","Take the I-95 to the Henry Hudson Parkway to get onto Manhattan Island from the North ( CT , Westchester County , etc ) .","['VB', 'DT', 'NNP', 'SYM', 'CD', 'IN', 'DT', 'NNP', 'NNP', 'NNP', 'TO', 'VB', 'IN', 'NNP', 'NNP', 'IN', 'DT', 'NNP', '-LRB-', 'NNP', ',', 'NNP', 'NNP', ',', 'FW', '-RRB-', '.']","[('root', 0), ('det', 3), ('obj', 1), ('case', 5), ('nmod', 3), ('case', 10), ('det', 10), ('compound', 10), ('compound', 10), ('obl', 1), ('mark', 12), ('advcl', 1), ('case', 15), ('compound', 15), ('obl', 12), ('case', 18), ('det', 18), ('obl', 12), ('punct', 20), ('appos', 18), ('punct', 20), ('compound', 23), ('conj', 20), ('punct', 20), ('conj', 20), ('punct', 20), ('punct', 1)]"
29,"Take the Queensborough Bridge to get to Manhattan from Queens , Brooklyn , and Long Island .","['VB', 'DT', 'NNP', 'NNP', 'TO', 'VB', 'IN', 'NNP', 'IN', 'NNP', ',', 'NNP', ',', 'CC', 'NNP', 'NNP', '.']","[('root', 0), ('det', 4), ('compound', 4), ('obj', 1), ('mark', 6), ('advcl', 1), ('case', 8), ('obl', 6), ('case', 10), ('obl', 6), ('punct', 12), ('conj', 10), ('punct', 16), ('cc', 16), ('compound', 16), ('conj', 10), ('punct', 1)]","Take the Queensboro Bridge to get to Manhattan from Queens , Brooklyn , and Long Island .","['VB', 'DT', 'NNP', 'NNP', 'TO', 'VB', 'IN', 'NNP', 'IN', 'NNP', ',', 'NNP', ',', 'CC', 'NNP', 'NNP', '.']","[('root', 0), ('det', 4), ('compound', 4), ('obj', 1), ('mark', 6), ('advcl', 1), ('case', 8), ('obl', 6), ('case', 10), ('obl', 6), ('punct', 12), ('conj', 10), ('punct', 16), ('cc', 16), ('compound', 16), ('conj', 10), ('punct', 1)]"
30,Confront them immediately do n't wait until it 's out of control and someone else has to communicate it to you .,"['VB', 'PRP', 'RB', 'VB', 'RB', 'VB', 'IN', 'PRP', 'VBZ', 'IN', 'IN', 'NN', 'CC', 'NN', 'JJ', 'VBZ', 'TO', 'VB', 'PRP', 'IN', 'PRP', '.']","[('root', 0), ('obj', 1), ('advmod', 1), ('aux', 6), ('advmod', 6), ('parataxis', 1), ('mark', 12), ('nsubj', 12), ('cop', 12), ('case', 12), ('case', 12), ('advcl', 6), ('cc', 16), ('nsubj', 16), ('amod', 14), ('conj', 6), ('mark', 18), ('xcomp', 16), ('obj', 18), ('case', 21), ('obl', 18), ('punct', 1)]",Confront them immediately - - do n't wait until it 's out of control and someone else has to communicate it to you .,"['VB', 'PRP', 'RB', ',', ',', 'VB', 'RB', 'VB', 'IN', 'PRP', 'VBZ', 'IN', 'IN', 'NN', 'CC', 'NN', 'JJ', 'VBZ', 'TO', 'VB', 'PRP', 'IN', 'PRP', '.']","[('root', 0), ('obj', 1), ('advmod', 1), ('punct', 1), ('punct', 1), ('aux', 8), ('advmod', 8), ('parataxis', 1), ('mark', 14), ('nsubj', 14), ('cop', 14), ('case', 14), ('case', 14), ('advcl', 8), ('cc', 18), ('nsubj', 18), ('amod', 16), ('conj', 8), ('mark', 20), ('xcomp', 18), ('obj', 20), ('case', 23), ('obl', 20), ('punct', 1)]"
31,Respect their time and personal commitments and they would reciprocate by producing exceptional results for their manager and the organization .,"['VB', 'PRP$', 'NN', 'CC', 'JJ', 'NNS', 'CC', 'PRP', 'MD', 'VB', 'IN', 'VBG', 'JJ', 'NNS', 'IN', 'PRP$', 'NN', 'CC', 'DT', 'NN', '.']","[('root', 0), ('nmod:poss', 3), ('obj', 1), ('cc', 6), ('amod', 6), ('conj', 3), ('cc', 10), ('nsubj', 10), ('aux', 10), ('conj', 1), ('mark', 12), ('advcl', 10), ('amod', 14), ('obj', 12), ('case', 17), ('nmod:poss', 17), ('nmod', 14), ('cc', 20), ('det', 20), ('conj', 17), ('punct', 1)]",Respect their time and personal commitments and they will reciprocate by producing exceptional results for their manager and the organization .,"['VB', 'PRP$', 'NN', 'CC', 'JJ', 'NNS', 'CC', 'PRP', 'MD', 'VB', 'IN', 'VBG', 'JJ', 'NNS', 'IN', 'PRP$', 'NN', 'CC', 'DT', 'NN', '.']","[('root', 0), ('nmod:poss', 3), ('obj', 1), ('cc', 6), ('amod', 6), ('conj', 3), ('cc', 10), ('nsubj', 10), ('aux', 10), ('conj', 1), ('mark', 12), ('advcl', 10), ('amod', 14), ('obj', 12), ('case', 17), ('nmod:poss', 17), ('nmod', 14), ('cc', 20), ('det', 20), ('conj', 17), ('punct', 1)]"
32,"Find a list online , or try centralcasting.org , which is the industry 's largest casting agency .","['VB', 'DT', 'NN', 'RB', ',', 'CC', 'VB', 'NN', ',', 'WDT', 'VBZ', 'DT', 'NN', 'POS', 'JJS', 'NN', 'NN', '.']","[('root', 0), ('det', 3), ('obj', 1), ('advmod', 3), ('punct', 7), ('cc', 7), ('conj', 1), ('obj', 7), ('punct', 8), ('nsubj', 17), ('cop', 17), ('det', 13), ('nmod:poss', 17), ('case', 13), ('amod', 17), ('compound', 17), ('acl:relcl', 8), ('punct', 1)]","Find a list online , or try www.centralcasting.org , which is the industry 's largest casting agency .","['VB', 'DT', 'NN', 'RB', ',', 'CC', 'VB', 'ADD', ',', 'WDT', 'VBZ', 'DT', 'NN', 'POS', 'JJS', 'NN', 'NN', '.']","[('root', 0), ('det', 3), ('obj', 1), ('advmod', 3), ('punct', 7), ('cc', 7), ('conj', 1), ('obj', 7), ('punct', 8), ('nsubj', 17), ('cop', 17), ('det', 13), ('nmod:poss', 17), ('case', 13), ('amod', 17), ('compound', 17), ('acl:relcl', 8), ('punct', 1)]"
33,dont tryto go after the girl he is currently dating .,"['VB', 'RB', 'VB', 'VB', 'IN', 'DT', 'NN', 'PRP', 'VBZ', 'RB', 'VBG', '.']","[('aux', 3), ('advmod', 3), ('root', 0), ('xcomp', 3), ('case', 7), ('det', 7), ('obl', 4), ('nsubj', 11), ('aux', 11), ('advmod', 11), ('acl:relcl', 7), ('punct', 3)]",Do n't try to go after the girl he is currently dating .,"['VB', 'RB', 'VB', 'TO', 'VB', 'IN', 'DT', 'NN', 'PRP', 'VBZ', 'RB', 'VBG', '.']","[('aux', 3), ('advmod', 3), ('root', 0), ('mark', 5), ('xcomp', 3), ('case', 8), ('det', 8), ('obl', 5), ('nsubj', 12), ('aux', 12), ('advmod', 12), ('acl:relcl', 8), ('punct', 3)]"
34,Remember it 's probobly just as hard for him to say no as it might be for you .,"['VB', 'PRP', 'VBZ', 'RB', 'RB', 'RB', 'RB', 'IN', 'PRP', 'TO', 'VB', 'UH', 'IN', 'PRP', 'MD', 'VB', 'IN', 'PRP', '.']","[('root', 0), ('nsubj', 7), ('cop', 7), ('advmod', 7), ('advmod', 7), ('advmod', 7), ('advmod', 1), ('mark', 11), ('nsubj', 11), ('mark', 11), ('advcl', 7), ('discourse', 11), ('mark', 18), ('nsubj', 18), ('aux', 18), ('cop', 18), ('case', 18), ('advcl', 11), ('punct', 1)]","Remember , it 's probably just as hard for him to say no as it might be for you .","['VB', ',', 'PRP', 'VBZ', 'RB', 'RB', 'RB', 'RB', 'IN', 'PRP', 'TO', 'VB', 'UH', 'IN', 'PRP', 'MD', 'VB', 'IN', 'PRP', '.']","[('root', 0), ('punct', 1), ('nsubj', 8), ('cop', 8), ('advmod', 8), ('advmod', 8), ('advmod', 8), ('ccomp', 1), ('mark', 12), ('nsubj', 12), ('mark', 12), ('advcl', 8), ('discourse', 12), ('mark', 19), ('nsubj', 19), ('aux', 19), ('cop', 19), ('case', 19), ('advcl', 12), ('punct', 1)]"
35,Wear the red ( unless you are baby Zuko them be yellow . ),"['VB', 'DT', 'JJ', '-LRB-', 'IN', 'PRP', 'VBP', 'NN', 'NNP', 'PRP', 'VB', 'JJ', '.', '-RRB-']","[('root', 0), ('det', 3), ('obj', 1), ('punct', 12), ('mark', 12), ('nsubj', 8), ('cop', 12), ('nsubj', 12), ('nsubj', 12), ('flat', 9), ('cop', 12), ('advcl', 1), ('punct', 1), ('punct', 1)]","Wear the red ( unless you are baby Zuko , then be yellow . )","['VB', 'DT', 'JJ', '-LRB-', 'IN', 'PRP', 'VBP', 'JJ', 'NNP', ',', 'RB', 'VB', 'JJ', '.', '-RRB-']","[('root', 0), ('det', 3), ('obj', 1), ('punct', 9), ('mark', 9), ('nsubj', 9), ('cop', 9), ('amod', 9), ('advcl', 1), ('punct', 13), ('advmod', 13), ('cop', 13), ('parataxis', 1), ('punct', 1), ('punct', 1)]"
36,Get the personality ! Zuko is not sir sunshine ! He is a banished prince !,"['VB', 'DT', 'NN', '.']","[('root', 0), ('det', 3), ('obj', 1), ('punct', 1)]",Get the personality ! Zuko is not sunshine ! He is a banished prince !,"['VB', 'DT', 'NN', '.']","[('root', 0), ('det', 3), ('obj', 1), ('punct', 1)]"
37,Add ¼ inch to the height the edge of the table on each side .,"['VB', 'DT', 'NN', 'IN', 'DT', 'NN', 'DT', 'NN', 'IN', 'DT', 'NN', 'IN', 'DT', 'NN', '.']","[('root', 0), ('det', 3), ('obj', 1), ('case', 6), ('det', 6), ('obl', 1), ('det', 8), ('obj', 1), ('case', 11), ('det', 11), ('nmod', 8), ('case', 14), ('det', 14), ('obl', 1), ('punct', 1)]",Add ¼ inch to the height of the edge of the table on each side .,"['VB', 'DT', 'NN', 'IN', 'DT', 'NN', 'IN', 'DT', 'NN', 'IN', 'DT', 'NN', 'IN', 'DT', 'NN', '.']","[('root', 0), ('det', 3), ('obj', 1), ('case', 6), ('det', 6), ('obl', 1), ('case', 9), ('det', 9), ('nmod', 6), ('case', 12), ('det', 12), ('nmod', 9), ('case', 15), ('det', 15), ('obl', 1), ('punct', 1)]"
38,Let the table dry over-night ( for about 9 - 12 hours ) .,"['VB', 'DT', 'NN', 'VB', 'IN', 'HYPH', 'NN', '-LRB-', 'IN', 'RB', 'CD', 'SYM', 'CD', 'NNS', '-RRB-', '.']","[('root', 0), ('det', 3), ('obj', 1), ('xcomp', 1), ('case', 7), ('punct', 7), ('obl', 4), ('punct', 14), ('case', 14), ('advmod', 11), ('nummod', 14), ('case', 13), ('nmod', 11), ('obl', 4), ('punct', 14), ('punct', 1)]",Let the table dry over-night for about 9 - 12 hours .,"['VB', 'DT', 'NN', 'VB', 'IN', 'HYPH', 'NN', 'IN', 'RB', 'CD', 'SYM', 'CD', 'NNS', '.']","[('root', 0), ('det', 3), ('obj', 1), ('xcomp', 1), ('case', 7), ('punct', 7), ('obl', 4), ('case', 13), ('advmod', 10), ('nummod', 13), ('case', 12), ('nmod', 10), ('obl', 4), ('punct', 1)]"
39,Replace the soil weekly and remove old food pieces weekly .,"['VB', 'DT', 'NN', 'RB', 'CC', 'VB', 'JJ', 'NN', 'NNS', 'RB', '.']","[('root', 0), ('det', 3), ('obj', 1), ('advmod', 1), ('cc', 6), ('conj', 1), ('amod', 9), ('compound', 9), ('obj', 6), ('advmod', 6), ('punct', 1)]",Replace the soil weekly and remove old food pieces dayly .,"['VB', 'DT', 'NN', 'RB', 'CC', 'VB', 'JJ', 'NN', 'NNS', 'RB', '.']","[('root', 0), ('det', 3), ('obj', 1), ('advmod', 1), ('cc', 6), ('conj', 1), ('amod', 9), ('compound', 9), ('obj', 6), ('advmod', 6), ('punct', 1)]"
40,"Do n't wear trousers , they 're silly , for scene kids .","['VB', 'RB', 'VB', 'NNS', ',', 'PRP', 'VBP', 'JJ', ',', 'IN', 'NN', 'NNS', '.']","[('aux', 3), ('advmod', 3), ('root', 0), ('obj', 3), ('punct', 3), ('nsubj', 8), ('cop', 8), ('parataxis', 3), ('punct', 3), ('case', 12), ('compound', 12), ('obl', 8), ('punct', 3)]",Do n't wear trousers ; they 're silly for scene kids .,"['VB', 'RB', 'VB', 'NNS', ',', 'PRP', 'VBP', 'JJ', 'IN', 'NN', 'NNS', '.']","[('aux', 3), ('advmod', 3), ('root', 0), ('obj', 3), ('punct', 3), ('nsubj', 8), ('cop', 8), ('parataxis', 3), ('case', 11), ('compound', 11), ('obl', 8), ('punct', 3)]"
41,"dont make your self , look daft . / Take steps behond belief .","['VB', 'RB', 'VB', 'PRP$', 'PRP', ',', 'VB', 'NN', '.', ',']","[('aux', 3), ('advmod', 3), ('root', 0), ('nmod:poss', 5), ('obj', 3), ('punct', 3), ('parataxis', 3), ('obj', 7), ('punct', 3), ('punct', 3)]","Do n't make your self , look daft . / Take steps beyond belief .","['VB', 'RB', 'VB', 'PRP$', 'PRP', ',', 'VB', 'NN', '.', ',']","[('aux', 3), ('advmod', 3), ('root', 0), ('nmod:poss', 5), ('obj', 3), ('punct', 3), ('parataxis', 3), ('obj', 7), ('punct', 3), ('punct', 3)]"
42,"Do n't make your self , look daft . / Take steps beyond belief .","['VB', 'RB', 'VB', 'PRP$', 'PRP', ',', 'VB', 'NN', '.', ',']","[('aux', 3), ('advmod', 3), ('root', 0), ('nmod:poss', 5), ('obj', 3), ('punct', 3), ('parataxis', 3), ('obj', 7), ('punct', 3), ('punct', 3)]",Do n't make yourself look daft . / Take steps beyond belief .,"['VB', 'RB', 'VB', 'PRP', 'VB', 'JJ', '.', ',']","[('aux', 3), ('advmod', 3), ('root', 0), ('obj', 3), ('xcomp', 3), ('xcomp', 5), ('punct', 3), ('punct', 3)]"
43,dont gossip nor bitch .,"['VB', 'RB', 'VB', 'CC', 'VB', '.']","[('aux', 3), ('advmod', 3), ('root', 0), ('cc', 5), ('conj', 3), ('punct', 3)]",Do n't gossip nor bitch .,"['VB', 'RB', 'VB', 'CC', 'NN', '.']","[('aux', 3), ('advmod', 3), ('root', 0), ('cc', 5), ('conj', 3), ('punct', 3)]"
44,Try to get 1 or 2 ( real ) friends that know their faking to join up with you .,"['VB', 'TO', 'VB', 'CD', 'CC', 'CD', '-LRB-', 'JJ', '-RRB-', 'NNS', 'WDT', 'VBP', 'PRP$', 'NN', 'TO', 'VB', 'RP', 'IN', 'PRP', '.']","[('root', 0), ('mark', 3), ('xcomp', 1), ('nummod', 10), ('cc', 6), ('conj', 4), ('punct', 10), ('amod', 10), ('punct', 10), ('obj', 3), ('nsubj', 12), ('acl:relcl', 10), ('nmod:poss', 14), ('obj', 12), ('mark', 16), ('xcomp', 12), ('compound:prt', 16), ('case', 19), ('obl', 16), ('punct', 1)]",Try to get 1 or 2 ( real ) friends that know they 're faking to join up with you .,"['VB', 'TO', 'VB', 'CD', 'CC', 'CD', '-LRB-', 'JJ', '-RRB-', 'NNS', 'WDT', 'VBP', 'PRP', 'VBP', 'VBG', 'TO', 'VB', 'RP', 'IN', 'PRP', '.']","[('root', 0), ('mark', 3), ('xcomp', 1), ('nummod', 10), ('cc', 6), ('conj', 4), ('punct', 8), ('amod', 10), ('punct', 10), ('obj', 3), ('nsubj', 12), ('acl:relcl', 10), ('nsubj', 15), ('aux', 15), ('ccomp', 12), ('mark', 17), ('advcl', 15), ('compound:prt', 17), ('case', 20), ('obl', 17), ('punct', 1)]"
45,"Remember there is water is fruits , Such as watermelon , pomegranate , and cucumber .","['VB', 'EX', 'VBZ', 'NN', 'VBZ', 'NNS', ',', 'JJ', 'IN', 'NN', ',', 'NN', ',', 'CC', 'NN', '.']","[('root', 0), ('expl', 3), ('ccomp', 1), ('nsubj', 3), ('cop', 6), ('nsubj', 3), ('punct', 6), ('case', 10), ('fixed', 8), ('nmod', 6), ('punct', 12), ('conj', 10), ('punct', 15), ('cc', 15), ('conj', 10), ('punct', 1)]","Remember there is water in fruits such as watermelon , pomegranate , and cucumber .","['VB', 'EX', 'VBZ', 'NN', 'IN', 'NNS', 'JJ', 'IN', 'NN', ',', 'NN', ',', 'CC', 'NN', '.']","[('root', 0), ('expl', 3), ('ccomp', 1), ('nsubj', 3), ('case', 6), ('nmod', 4), ('case', 9), ('fixed', 7), ('nmod', 6), ('punct', 11), ('conj', 9), ('punct', 14), ('cc', 14), ('conj', 9), ('punct', 1)]"
46,"Be mindful of wearing clothes that are too revealing or too small for your body type , as they can be unflattering .","['VB', 'JJ', 'IN', 'VBG', 'NNS', 'WDT', 'VBP', 'RB', 'JJ', 'CC', 'RB', 'JJ', 'IN', 'PRP$', 'NN', 'NN', ',', 'IN', 'PRP', 'MD', 'VB', 'JJ', '.']","[('cop', 2), ('root', 0), ('case', 5), ('advcl', 2), ('obj', 4), ('nsubj', 9), ('cop', 9), ('advmod', 9), ('acl:relcl', 5), ('cc', 12), ('advmod', 12), ('conj', 9), ('case', 16), ('nmod:poss', 16), ('compound', 16), ('obl', 12), ('punct', 9), ('mark', 22), ('nsubj', 22), ('aux', 22), ('cop', 22), ('advcl', 9), ('punct', 2)]","Be careful of wearing clothes that are too revealing or too small for your body type , as they can be unflattering .","['VB', 'JJ', 'IN', 'VBG', 'NNS', 'WDT', 'VBP', 'RB', 'JJ', 'CC', 'RB', 'JJ', 'IN', 'PRP$', 'NN', 'NN', ',', 'IN', 'PRP', 'MD', 'VB', 'JJ', '.']","[('cop', 2), ('root', 0), ('case', 5), ('advcl', 2), ('obj', 4), ('nsubj', 9), ('cop', 9), ('advmod', 9), ('acl:relcl', 5), ('cc', 12), ('advmod', 12), ('conj', 9), ('case', 16), ('nmod:poss', 16), ('compound', 16), ('obl', 12), ('punct', 9), ('mark', 22), ('nsubj', 22), ('aux', 22), ('cop', 22), ('advcl', 9), ('punct', 2)]"
47,Save yourself some room in your budget for the unexpected costs .,"['VB', 'PRP', 'DT', 'NN', 'IN', 'PRP$', 'NN', 'IN', 'DT', 'JJ', 'NNS', '.']","[('root', 0), ('iobj', 1), ('det', 4), ('obj', 1), ('case', 7), ('nmod:poss', 7), ('nmod', 4), ('case', 11), ('det', 11), ('amod', 11), ('obl', 1), ('punct', 1)]",Save yourself some room in your budget for unexpected costs .,"['VB', 'PRP', 'DT', 'NN', 'IN', 'PRP$', 'NN', 'IN', 'JJ', 'NNS', '.']","[('root', 0), ('iobj', 1), ('det', 4), ('obj', 1), ('case', 7), ('nmod:poss', 7), ('nmod', 4), ('case', 10), ('amod', 10), ('obl', 1), ('punct', 1)]"
48,Used bikes are much cheaper than new bikes and can be bought for between $ 300 and $ 600 .,"['VBN', 'NNS', 'VBP', 'RB', 'JJR', 'IN', 'JJ', 'NNS', 'CC', 'MD', 'VB', 'VBN', 'IN', 'IN', '$', 'CD', 'CC', '$', 'CD', '.']","[('amod', 2), ('nsubj', 5), ('cop', 5), ('advmod', 5), ('root', 0), ('case', 8), ('amod', 8), ('obl', 5), ('cc', 12), ('aux', 12), ('aux:pass', 12), ('conj', 5), ('case', 15), ('case', 15), ('obl', 12), ('nummod', 15), ('cc', 18), ('conj', 15), ('nummod', 18), ('punct', 5)]",Used bikes are much cheaper than new bikes and can be bought for between $ 500 and $ 2000 .,"['VBN', 'NNS', 'VBP', 'RB', 'JJR', 'IN', 'JJ', 'NNS', 'CC', 'MD', 'VB', 'VBN', 'IN', 'IN', '$', 'CD', 'CC', '$', 'CD', '.']","[('amod', 2), ('nsubj', 5), ('cop', 5), ('advmod', 5), ('root', 0), ('case', 8), ('amod', 8), ('obl', 5), ('cc', 12), ('aux', 12), ('aux:pass', 12), ('conj', 5), ('case', 15), ('case', 15), ('obl', 12), ('nummod', 15), ('cc', 18), ('conj', 15), ('nummod', 18), ('punct', 5)]"
49,Check sites like eBay or the Amazon Marketplace .,"['VB', 'NNS', 'IN', 'NNP', 'CC', 'DT', 'NNP', 'NNP', '.']","[('root', 0), ('obj', 1), ('case', 4), ('nmod', 2), ('cc', 8), ('det', 8), ('compound', 8), ('conj', 4), ('punct', 1)]",Check sites like eBay or Amazon Marketplace .,"['VB', 'NNS', 'IN', 'NNP', 'CC', 'NNP', 'NNP', '.']","[('root', 0), ('obj', 1), ('case', 4), ('nmod', 2), ('cc', 7), ('compound', 7), ('conj', 4), ('punct', 1)]"
50,Passing a background check .,"['VBG', 'DT', 'NN', 'NN', '.']","[('root', 0), ('det', 4), ('compound', 4), ('obj', 1), ('punct', 1)]",Pass a background check .,"['VB', 'DT', 'NN', 'NN', '.']","[('root', 0), ('det', 4), ('compound', 4), ('obj', 1), ('punct', 1)]"
51,Pay fee and submit your form .,"['VB', 'NN', 'CC', 'VB', 'PRP$', 'NN', '.']","[('root', 0), ('obj', 1), ('cc', 4), ('conj', 1), ('nmod:poss', 6), ('obj', 4), ('punct', 1)]",Pay the fee and submit your form .,"['VB', 'DT', 'NN', 'CC', 'VB', 'PRP$', 'NN', '.']","[('root', 0), ('det', 3), ('obj', 1), ('cc', 5), ('conj', 1), ('nmod:poss', 7), ('obj', 5), ('punct', 1)]"
52,Place an anemone in the tank to make the clownfish feel more comfortable .,"['VB', 'DT', 'NN', 'IN', 'DT', 'NN', 'TO', 'VB', 'DT', 'NN', 'VB', 'RBR', 'JJ', '.']","[('root', 0), ('det', 3), ('obj', 1), ('case', 6), ('det', 6), ('obl', 1), ('mark', 8), ('advcl', 1), ('det', 10), ('obj', 8), ('xcomp', 8), ('advmod', 13), ('xcomp', 11), ('punct', 1)]",Placing anemone in the tank to make the clownfish feel more comfortable .,"['VBG', 'NN', 'IN', 'DT', 'NN', 'TO', 'VB', 'DT', 'NN', 'VB', 'RBR', 'JJ', '.']","[('root', 0), ('obj', 1), ('case', 5), ('det', 5), ('obl', 1), ('mark', 7), ('advcl', 1), ('det', 9), ('obj', 7), ('xcomp', 7), ('advmod', 12), ('xcomp', 10), ('punct', 1)]"
53,Do you think your a strong girl and loves to know about mountain and climb then ?,"['VBP', 'PRP', 'VB', 'PRP$', 'DT', 'JJ', 'NN', 'CC', 'VBZ', 'TO', 'VB', 'IN', 'NN', 'CC', 'VB', 'RB', '.']","[('aux', 3), ('nsubj', 3), ('root', 0), ('nmod:poss', 7), ('det', 7), ('amod', 7), ('obj', 3), ('cc', 9), ('conj', 3), ('mark', 11), ('xcomp', 9), ('case', 13), ('obl', 11), ('cc', 15), ('conj', 11), ('advmod', 15), ('punct', 3)]",Do you think your a strong girl and love to know about mountains and climb them ?,"['VBP', 'PRP', 'VB', 'PRP$', 'DT', 'JJ', 'NN', 'CC', 'VBP', 'TO', 'VB', 'IN', 'NNS', 'CC', 'VB', 'PRP', '.']","[('aux', 3), ('nsubj', 3), ('root', 0), ('nmod:poss', 7), ('det', 7), ('amod', 7), ('obj', 3), ('cc', 9), ('conj', 3), ('mark', 11), ('xcomp', 9), ('case', 13), ('obl', 11), ('cc', 15), ('conj', 11), ('obj', 15), ('punct', 3)]"
54,Do you think your a strong girl and love to know about mountains and climb them ?,"['VBP', 'PRP', 'VB', 'PRP$', 'DT', 'JJ', 'NN', 'CC', 'VBP', 'TO', 'VB', 'IN', 'NNS', 'CC', 'VB', 'PRP', '.']","[('aux', 3), ('nsubj', 3), ('root', 0), ('nmod:poss', 7), ('det', 7), ('amod', 7), ('obj', 3), ('cc', 9), ('conj', 3), ('mark', 11), ('xcomp', 9), ('case', 13), ('obl', 11), ('cc', 15), ('conj', 11), ('obj', 15), ('punct', 3)]",Do you think you are a strong girl and love to know about mountains and climb them ?,"['VBP', 'PRP', 'VB', 'PRP', 'VBP', 'DT', 'JJ', 'NN', 'CC', 'VBP', 'TO', 'VB', 'IN', 'NNS', 'CC', 'VB', 'PRP', '.']","[('aux', 3), ('nsubj', 3), ('root', 0), ('nsubj', 8), ('cop', 8), ('det', 8), ('amod', 8), ('ccomp', 3), ('cc', 10), ('conj', 3), ('mark', 12), ('xcomp', 10), ('case', 14), ('obl', 12), ('cc', 16), ('conj', 12), ('obj', 16), ('punct', 3)]"
55,Look at these positions to get an idea of what is and what is not a good height :,"['VB', 'IN', 'DT', 'NNS', 'TO', 'VB', 'DT', 'NN', 'IN', 'WP', 'VBZ', 'CC', 'WP', 'VBZ', 'RB', 'DT', 'JJ', 'NN', ':']","[('root', 0), ('case', 4), ('det', 4), ('obl', 1), ('mark', 6), ('advcl', 1), ('det', 8), ('obj', 6), ('case', 10), ('nmod', 8), ('cop', 10), ('cc', 13), ('conj', 10), ('cop', 13), ('advmod', 18), ('det', 18), ('amod', 18), ('nsubj', 13), ('punct', 1)]","Look at these positions to get an idea of what is , and what is not , a good height :","['VB', 'IN', 'DT', 'NNS', 'TO', 'VB', 'DT', 'NN', 'IN', 'WP', 'VBZ', ',', 'CC', 'WP', 'VBZ', 'RB', ',', 'DT', 'JJ', 'NN', ':']","[('root', 0), ('case', 4), ('det', 4), ('obl', 1), ('mark', 6), ('advcl', 1), ('det', 8), ('obj', 6), ('case', 10), ('nmod', 8), ('acl:relcl', 10), ('punct', 20), ('cc', 20), ('nsubj', 20), ('cop', 20), ('advmod', 20), ('punct', 20), ('det', 20), ('amod', 20), ('conj', 1), ('punct', 1)]"
56,Loosen the bolts on the side of the seat to change seat angle .,"['VB', 'DT', 'NNS', 'IN', 'DT', 'NN', 'IN', 'DT', 'NN', 'TO', 'VB', 'NN', 'NN', '.']","[('root', 0), ('det', 3), ('obj', 1), ('case', 6), ('det', 6), ('obl', 1), ('case', 9), ('det', 9), ('nmod', 6), ('mark', 11), ('advcl', 1), ('compound', 13), ('obj', 11), ('punct', 1)]",Loosen the bolts on the side of the seat to change the seat angle .,"['VB', 'DT', 'NNS', 'IN', 'DT', 'NN', 'IN', 'DT', 'NN', 'TO', 'VB', 'DT', 'NN', 'NN', '.']","[('root', 0), ('det', 3), ('obj', 1), ('case', 6), ('det', 6), ('obl', 1), ('case', 9), ('det', 9), ('nmod', 6), ('mark', 11), ('advcl', 1), ('det', 14), ('compound', 14), ('obj', 11), ('punct', 1)]"
57,Use a carpenter 's level to make sure the seat is flat - - this evenly distributes your weight for more comfortable riding .,"['VB', 'DT', 'NN', 'POS', 'NN', 'TO', 'VB', 'JJ', 'DT', 'NN', 'VBZ', 'JJ', ',', ',', 'DT', 'RB', 'VBZ', 'PRP$', 'NN', 'IN', 'RBR', 'JJ', 'NN', '.']","[('root', 0), ('det', 3), ('nmod:poss', 5), ('case', 3), ('obj', 1), ('mark', 7), ('advcl', 1), ('xcomp', 7), ('det', 10), ('nsubj', 12), ('cop', 12), ('ccomp', 8), ('punct', 1), ('punct', 1), ('nsubj', 17), ('advmod', 17), ('parataxis', 1), ('nmod:poss', 19), ('obj', 17), ('case', 23), ('advmod', 22), ('amod', 23), ('obl', 17), ('punct', 1)]",Use a carpenter 's level to make sure the seat is flat — this evenly distributes your weight for more comfortable riding .,"['VB', 'DT', 'NN', 'POS', 'NN', 'TO', 'VB', 'JJ', 'DT', 'NN', 'VBZ', 'JJ', ',', 'DT', 'RB', 'VBZ', 'PRP$', 'NN', 'IN', 'RBR', 'JJ', 'NN', '.']","[('root', 0), ('det', 3), ('nmod:poss', 5), ('case', 3), ('obj', 1), ('mark', 7), ('advcl', 1), ('xcomp', 7), ('det', 10), ('nsubj', 12), ('cop', 12), ('ccomp', 8), ('punct', 1), ('nsubj', 16), ('advmod', 16), ('parataxis', 1), ('nmod:poss', 18), ('obj', 16), ('case', 22), ('advmod', 21), ('amod', 22), ('obl', 16), ('punct', 1)]"
58,"Depending on what the pain is , you likely have different problems .","['VBG', 'IN', 'WP', 'DT', 'NN', 'VBZ', ',', 'PRP', 'RB', 'VBP', 'JJ', 'NNS', '.']","[('case', 3), ('case', 3), ('obl', 10), ('det', 5), ('nsubj', 6), ('acl:relcl', 3), ('punct', 10), ('nsubj', 10), ('advmod', 10), ('root', 0), ('amod', 12), ('obj', 10), ('punct', 10)]","Depending on where the pain is , you likely have different problems .","['VBG', 'IN', 'WRB', 'DT', 'NN', 'VBZ', ',', 'PRP', 'RB', 'VBP', 'JJ', 'NNS', '.']","[('case', 3), ('case', 3), ('advmod', 6), ('det', 5), ('nsubj', 6), ('advcl', 10), ('punct', 10), ('nsubj', 10), ('advmod', 10), ('root', 0), ('amod', 12), ('obj', 10), ('punct', 10)]"
59,Find extra things to do around the house to alleviate the stress off your partner .,"['VB', 'JJ', 'NNS', 'TO', 'VB', 'IN', 'DT', 'NN', 'TO', 'VB', 'DT', 'NN', 'IN', 'PRP$', 'NN', '.']","[('root', 0), ('amod', 3), ('obj', 1), ('mark', 5), ('acl', 3), ('case', 8), ('det', 8), ('obl', 5), ('mark', 10), ('advcl', 5), ('det', 12), ('obj', 10), ('case', 15), ('nmod:poss', 15), ('obl', 10), ('punct', 1)]",Find extra things to do around the house to alleviate stress off your partner .,"['VB', 'JJ', 'NNS', 'TO', 'VB', 'IN', 'DT', 'NN', 'TO', 'VB', 'NN', 'IN', 'PRP$', 'NN', '.']","[('root', 0), ('amod', 3), ('obj', 1), ('mark', 5), ('acl', 3), ('case', 8), ('det', 8), ('obl', 5), ('mark', 10), ('advcl', 5), ('obj', 10), ('case', 14), ('nmod:poss', 14), ('obl', 10), ('punct', 1)]"
60,Buy up plenty of water bottles now .,"['VB', 'RP', 'NN', 'IN', 'NN', 'NNS', 'RB', '.']","[('root', 0), ('compound:prt', 1), ('obj', 1), ('case', 6), ('compound', 6), ('nmod', 3), ('advmod', 1), ('punct', 1)]",Buy up plenty of water bottles .,"['VB', 'RP', 'NN', 'IN', 'NN', 'NNS', '.']","[('root', 0), ('compound:prt', 1), ('obj', 1), ('case', 6), ('compound', 6), ('nmod', 3), ('punct', 1)]"
61,Buy up plenty of water bottles .,"['VB', 'RP', 'NN', 'IN', 'NN', 'NNS', '.']","[('root', 0), ('compound:prt', 1), ('obj', 1), ('case', 6), ('compound', 6), ('nmod', 3), ('punct', 1)]",Buy plenty of water bottles .,"['VB', 'NN', 'IN', 'NN', 'NNS', '.']","[('root', 0), ('obj', 1), ('case', 5), ('compound', 5), ('nmod', 2), ('punct', 1)]"
62,Throw it out or eat it now .,"['VB', 'PRP', 'RP', 'CC', 'VB', 'PRP', 'RB', '.']","[('root', 0), ('obj', 1), ('compound:prt', 1), ('cc', 5), ('conj', 1), ('obj', 5), ('advmod', 5), ('punct', 1)]",Throw it out or eat it soon .,"['VB', 'PRP', 'RP', 'CC', 'VB', 'PRP', 'RB', '.']","[('root', 0), ('obj', 1), ('compound:prt', 1), ('cc', 5), ('conj', 1), ('obj', 5), ('advmod', 5), ('punct', 1)]"
63,Buy 3 gerbils.1 male and 2 females .,"['VB', 'CD', 'NNS', '.']","[('root', 0), ('nummod', 3), ('obj', 1), ('punct', 1)]",Buy 3 gerbils - 1 male and 2 females .,"['VB', 'CD', 'NNS', ',', 'CD', 'NN', 'CC', 'CD', 'NNS', '.']","[('root', 0), ('nummod', 3), ('obj', 1), ('punct', 3), ('nummod', 6), ('appos', 3), ('cc', 9), ('nummod', 9), ('conj', 6), ('punct', 1)]"
64,Buy 3 gerbils - 1 male and 2 females .,"['VB', 'CD', 'NNS', ',', 'CD', 'NN', 'CC', 'CD', 'NNS', '.']","[('root', 0), ('nummod', 3), ('obj', 1), ('punct', 3), ('nummod', 6), ('appos', 3), ('cc', 9), ('nummod', 9), ('conj', 6), ('punct', 1)]",Buy 2 gerbils - 1 male and 1 female .,"['VB', 'CD', 'NNS', ',', 'CD', 'NN', 'CC', 'CD', 'NN', '.']","[('root', 0), ('nummod', 3), ('obj', 1), ('punct', 3), ('nummod', 6), ('appos', 3), ('cc', 9), ('nummod', 9), ('conj', 6), ('punct', 1)]"
